{"Root": {"Flaky": 0, "Not Flaky": 0}, "Flaky": {"Flaky/ID": 0.26308866087871613, "Flaky/NOD": 0.2880820836621942, "Flaky/OD": 0.4488292554590897}, "Flaky/NOD": {"Flaky/NOD/Concurrency": 0.14925373134328357, "Flaky/NOD/Environmental Dependencies": 0.0037313432835820895, "Flaky/NOD/External State": 0.048507462686567165, "Flaky/NOD/IO": 0.06343283582089553, "Flaky/NOD/Network": 0.1455223880597015, "Flaky/NOD/Other": 0.17537313432835822, "Flaky/NOD/Platform Dependency": 0.07462686567164178, "Flaky/NOD/Randomness": 0.1455223880597015, "Flaky/NOD/Time": 0.19402985074626866}, "Flaky/NOD/Other": {"Flaky/NOD/Other/Floating Point Operations": 0.06382978723404255, "Flaky/NOD/Other/Program Logic": 0.0851063829787234, "Flaky/NOD/Other/Unknown": 0.851063829787234}, "Flaky/OD": {"Flaky/OD/IO": 0.2526002971768202, "Flaky/OD/Resource Leak": 0.2451708766716196, "Flaky/OD/Shared State": 0.5022288261515602}, "Flaky/ID": {"Flaky/ID/API Behavior Differences": 0.3886255924170616, "Flaky/ID/Data Structure Implementation Differences": 0.5734597156398105, "Flaky/ID/Unordered Collection Access": 0.037914691943127965}, "Flaky/NOD/Randomness": {"Flaky/NOD/Randomness/Data": 0.875, "Flaky/NOD/Randomness/Randomness Seed": 0.025, "Flaky/NOD/Randomness/Stochastic Algorithms": 0.025, "Flaky/NOD/Randomness/Too Restrictive Range": 0.075}, "Flaky/NOD/Time": {"Flaky/NOD/Time/System Date": 0.21153846153846154, "Flaky/NOD/Time/Test Case Timeout": 0.7884615384615384}, "Flaky/NOD/Network": {"Flaky/NOD/Network/Local": 0.20512820512820512, "Flaky/NOD/Network/Remote": 0.7948717948717948}, "Flaky/NOD/Concurrency": {"Flaky/NOD/Concurrency/Async Wait": 1.0}, "Flaky/NOD/External State": {"Flaky/NOD/External State/Reliance on External Resources": 1.0}, "Flaky/NOD/Platform Dependency": {"Flaky/NOD/Platform Dependency/OS": 0.10526315789473684, "Flaky/NOD/Platform Dependency/Runtime": 0.8947368421052632}}